fid,type,aum_quartile,regulatory_aum
F0001,wealth_ria,Q3,583835713.0
F0002,wealth_ria,Q4,2465463619.0
F0003,wealth_ria,Q4,1705976563.0
F0004,wealth_ria,Q4,37133957466.0
F0005,wealth_ria,Q4,479793782427.0
F0006,wealth_ria,Q4,2855965000.0
F0007,wealth_ria,Q3,665628767.0
F0008,wealth_ria,Q3,818691134.0
F0009,wealth_ria,Q3,796416350.0
F0010,wealth_ria,Q2,290256989.0
F0011,wealth_ria,Q2,226326709.0
F0012,private_fund,Q4,4550315616.0
F0013,wealth_ria,Q4,2342392629.0
F0014,private_fund,Q4,5271901660.0
F0015,wealth_ria,Q2,240900957.0
F0016,wealth_ria,Q2,349174363.0
F0017,private_fund,Q4,307726562224.0
F0018,wealth_ria,Q4,3359521956.0
F0019,wealth_ria,Q4,85208444537.0
F0020,private_fund,Q4,15615206587.0
F0021,wealth_ria,Q4,16852034196.0
F0022,wealth_ria,Q3,723730439.0
F0023,wealth_ria,Q1,460642.0
F0024,private_fund,Q1,129185039.0
F0025,private_fund,Q4,7277109024.0
F0026,wealth_ria,Q1,112959342.0
F0027,wealth_ria,Q4,65938129807.0
F0028,wealth_ria,Q4,3269000000.0
F0029,wealth_ria,Q1,116641399.0
F0030,wealth_ria,Q3,782900000.0
F0031,wealth_ria,Q3,462109722.0
F0032,wealth_ria,Q4,14211502743.0
F0033,wealth_ria,Q4,1541488163.0
F0034,wealth_ria,Q3,474349933.0
F0035,private_fund,Q3,726869853.0
F0036,private_fund,Q2,324842021.0
F0037,private_fund,Q2,218039216.0
F0038,private_fund,Q4,34572975621.0
F0039,wealth_ria,Q4,2459101392.0
F0040,private_fund,Q4,9320091885.0
F0041,wealth_ria,Q4,1928582015.0
F0042,wealth_ria,Q4,2454391330.0
F0043,wealth_ria,Q2,214939000.0
F0044,wealth_ria,Q3,572996438.0
F0045,wealth_ria,Q1,156025618.0
F0046,wealth_ria,Q2,242779116.0
F0047,wealth_ria,Q3,819802922.0
F0048,wealth_ria,Q3,1418463150.0
F0049,private_fund,Q1,60454779.0
F0050,wealth_ria,Q1,146174311.0
F0051,wealth_ria,Q4,426071864566.0
F0052,wealth_ria,Q3,606989977.0
F0053,wealth_ria,Q3,1365398340.0
F0054,private_fund,Q4,10127384993.0
F0055,wealth_ria,Q4,11970300000.0
F0056,wealth_ria,Q4,5589521872.0
F0057,wealth_ria,Q1,169057797.0
F0058,wealth_ria,Q2,183187386.0
F0059,wealth_ria,Q1,159049911.0
F0060,wealth_ria,Q2,177838967.0
F0061,wealth_ria,Q2,389745910.0
F0062,wealth_ria,Q3,549874500.0
F0063,wealth_ria,Q2,309161872.0
F0064,wealth_ria,Q1,139794016.0
F0065,wealth_ria,Q3,467476449.0
F0066,private_fund,Q2,269150896.0
F0067,private_fund,Q4,32085958361.0
F0068,wealth_ria,Q2,202331744.0
F0069,private_fund,Q4,126022034338.0
F0070,wealth_ria,Q1,34732586.0
F0071,wealth_ria,Q1,125612329.0
F0072,wealth_ria,Q1,56367397.0
F0073,wealth_ria,Q4,3454023737.0
F0074,wealth_ria,Q4,3329402135.0
F0075,private_fund,Q4,7518040404.0
F0076,wealth_ria,Q4,1835159664.0
F0077,wealth_ria,Q4,26177360509.0
F0078,wealth_ria,Q2,224325138.0
F0079,wealth_ria,Q2,195879605.0
F0080,wealth_ria,Q2,195637746.0
F0081,wealth_ria,Q3,637647197.0
F0082,wealth_ria,Q2,176171921.0
F0083,private_fund,Q2,365859659.0
F0084,private_fund,Q4,314926162888.0
F0085,wealth_ria,Q3,642761863.0
F0086,private_fund,Q4,48873548310.0
F0087,private_fund,Q4,18023574796.0
F0088,private_fund,Q2,203495921.0
F0089,wealth_ria,Q1,107727309.0
F0090,wealth_ria,Q3,1279740797.0
F0091,wealth_ria,Q2,326874469.0
F0092,wealth_ria,Q1,166488910.0
F0093,wealth_ria,Q3,659196636.0
F0094,wealth_ria,Q3,799701457.0
F0095,wealth_ria,Q2,328421307.0
F0096,wealth_ria,Q1,141874080.0
F0097,wealth_ria,Q4,7113460994.0
F0098,private_fund,Q4,8046028009.0
F0099,private_fund,Q4,45003485534.0
F0100,private_fund,Q1,144417319.0
F0101,private_fund,Q1,6988996.0
F0102,wealth_ria,Q2,371163779.0
F0103,wealth_ria,Q4,2000456128.0
F0104,wealth_ria,Q4,3635326096.0
F0105,private_fund,Q4,2035598940.0
F0106,wealth_ria,Q2,287088356.0
F0107,wealth_ria,Q1,155149960.0
F0108,wealth_ria,Q1,150510017.0
F0109,wealth_ria,Q1,124688841.0
F0110,private_fund,Q1,7018055.0
F0111,wealth_ria,Q2,304159448.0
F0112,wealth_ria,Q3,443510505.0
F0113,wealth_ria,Q3,454837733.0
F0114,wealth_ria,Q1,172551037.0
F0115,private_fund,Q4,3589216000.0
F0116,wealth_ria,Q2,238769135.0
F0117,wealth_ria,Q1,117448231.0
F0118,private_fund,Q2,223474087.0
F0119,wealth_ria,Q1,135101245.0
F0120,wealth_ria,Q1,45163215.0
F0121,private_fund,Q4,6984451470.0
F0122,private_fund,Q4,5351394491.0
F0123,wealth_ria,Q2,318092824.0
F0124,wealth_ria,Q4,12271567390.0
F0125,wealth_ria,Q1,100038726.0
F0126,wealth_ria,Q2,244355449.0
F0127,private_fund,Q3,578098611.0
F0128,wealth_ria,Q4,2006194813.0
F0129,wealth_ria,Q4,5492604000.0
F0130,wealth_ria,Q3,418691638.0
F0131,wealth_ria,Q2,218700000.0
F0132,wealth_ria,Q1,168100000.0
F0133,private_fund,Q1,119113597.0
F0134,private_fund,Q2,239887365.0
F0135,private_fund,Q4,4691282848.0
F0136,wealth_ria,Q4,4268132507.0
F0137,wealth_ria,Q3,624665782.0
F0138,private_fund,Q3,876673683.0
F0139,wealth_ria,Q4,3059458638.0
F0140,wealth_ria,Q1,129999302.0
F0141,private_fund,Q1,27209750.0
F0142,wealth_ria,Q3,748306026.0
F0143,private_fund,Q2,296810115.0
F0144,wealth_ria,Q4,3193035807.0
F0145,private_fund,Q1,102880100.0
F0146,private_fund,Q4,3030399721.0
F0147,private_fund,Q4,2140123494.0
F0148,private_fund,Q1,132658986.0
F0149,private_fund,Q2,370275683.0
F0150,private_fund,Q3,584492702.0
F0151,wealth_ria,Q4,15423271608.0
F0152,private_fund,Q4,7215624352.0
F0153,private_fund,Q2,383005724.0
F0154,private_fund,Q4,5931030810.0
F0155,private_fund,Q4,26642350736.0
F0156,wealth_ria,Q1,105656862.0
F0157,private_fund,Q4,3724425981.0
F0158,private_fund,Q3,775451000.0
F0159,private_fund,Q4,1638353029.0
F0160,wealth_ria,Q3,1312746202.0
F0161,private_fund,Q4,8996276849.0
F0162,private_fund,Q4,4124800000.0
F0163,private_fund,Q2,195906287.0
F0164,wealth_ria,Q4,1472058453.0
F0165,private_fund,Q3,864385000.0
F0166,private_fund,Q1,108289056.0
F0167,private_fund,Q2,353137993.0
F0168,private_fund,Q3,1119555125.0
F0169,private_fund,Q3,683648378.0
F0170,private_fund,Q4,3372318250.0
F0171,private_fund,Q4,5562384758.0
F0172,private_fund,Q2,220004622.0
F0173,private_fund,Q1,39744850.0
F0174,private_fund,Q4,2524505483.0
F0175,private_fund,Q1,164010923.0
F0176,private_fund,Q4,2888606000.0
F0177,private_fund,Q3,1112608988.0
F0178,private_fund,Q3,742343976.0
F0179,private_fund,Q4,13691819689.0
F0180,private_fund,Q1,7464114.0
F0181,private_fund,Q3,591135235.0
F0182,private_fund,Q1,107076998.0
F0183,private_fund,Q1,149790000.0
F0184,private_fund,Q3,522579097.0
F0185,private_fund,Q1,152979340.0
F0186,private_fund,Q3,445921767.0
F0187,wealth_ria,Q2,241444815.0
F0188,wealth_ria,Q4,4243121000.0
F0189,private_fund,Q2,182527714.0
F0190,wealth_ria,Q3,947688692.0
F0191,private_fund,Q3,411827214.0
F0192,private_fund,Q2,216378100.0
F0193,wealth_ria,Q4,8210969354.0
F0194,wealth_ria,Q1,34251440.0
F0195,private_fund,Q3,736585540.0
F0196,wealth_ria,Q3,506774284.0
F0197,wealth_ria,Q1,71692943.0
F0198,wealth_ria,Q3,644687000.0
F0199,wealth_ria,Q4,2892462654.0
F0200,private_fund,Q1,148390029.0
F0201,wealth_ria,Q1,91000494.0
F0202,private_fund,Q2,356693198.0
F0203,private_fund,Q4,5209091318.0
F0204,private_fund,Q3,572146973.0
F0205,wealth_ria,Q2,174390288.0
F0206,private_fund,Q4,5044156635.0
F0207,wealth_ria,Q2,293810047.0
F0208,private_fund,Q3,1091602719.0
F0209,wealth_ria,Q2,322261339.0
F0210,private_fund,Q2,319817488.0
F0211,wealth_ria,Q2,199313862.0
F0212,wealth_ria,Q2,273136000.0
F0213,wealth_ria,Q4,1973990155.0
F0214,wealth_ria,Q3,616851354.0
F0215,private_fund,Q2,234578000.0
F0216,wealth_ria,Q3,716804745.0
F0217,wealth_ria,Q2,175534932.0
F0218,private_fund,Q2,216898385.0
F0219,wealth_ria,Q3,849444731.0
F0220,private_fund,Q3,740543488.0
F0221,wealth_ria,Q1,126000000.0
F0222,wealth_ria,Q4,5188569240.0
F0223,private_fund,Q4,4070000000.0
F0224,wealth_ria,Q3,424753741.0
F0225,private_fund,Q1,162600664.0
F0226,wealth_ria,Q1,134738147.0
F0227,wealth_ria,Q2,381000000.0
F0228,private_fund,Q3,443116761.0
F0229,wealth_ria,Q4,1851515819.0
F0230,private_fund,Q2,252869043.0
F0231,wealth_ria,Q2,266041604.0
F0232,private_fund,Q2,192226034.0
F0233,wealth_ria,Q1,128404480.0
F0234,private_fund,Q4,7303270045.0
F0235,private_fund,Q1,103036237.0
F0236,private_fund,Q1,169820000.0
F0237,private_fund,Q2,238934974.0
F0238,private_fund,Q2,198964717.0
F0239,private_fund,Q1,156409675.0
F0240,private_fund,Q3,1418987297.0
F0241,wealth_ria,Q1,133906031.0
F0242,private_fund,Q2,214652951.0
F0243,private_fund,Q3,620909320.0
F0244,private_fund,Q3,559276956.0
F0245,private_fund,Q2,399995051.0
F0246,private_fund,Q1,77625000.0
F0247,private_fund,Q4,2256138416.0
F0248,private_fund,Q3,597576792.0
F0249,wealth_ria,Q2,184090178.0
F0250,private_fund,Q2,264950239.0
F0251,private_fund,Q3,752295521.0
F0252,private_fund,Q4,1668708323.0
F0253,private_fund,Q3,452387455.0
F0254,wealth_ria,Q2,347746985.0
F0255,private_fund,Q4,11176653668.0
F0256,wealth_ria,Q4,2172777143.0
F0257,private_fund,Q2,218072345.0
F0258,private_fund,Q3,712890579.0
F0259,private_fund,Q3,704606938.0
F0260,wealth_ria,Q3,457187940.0
F0261,wealth_ria,Q1,59112516.0
F0262,private_fund,Q1,165528595.0
F0263,private_fund,Q1,129787427.0
F0264,private_fund,Q3,473886184.0
F0265,wealth_ria,Q4,2768301384.0
F0266,private_fund,Q3,1028545748.0
F0267,private_fund,Q1,7126219.0
F0268,private_fund,Q2,192520619.0
F0269,private_fund,Q3,738045480.0
F0270,private_fund,Q2,329198635.0
F0271,private_fund,Q3,1038441111.0
F0272,wealth_ria,Q1,142424620.0
F0273,wealth_ria,Q4,4932272688.0
F0274,private_fund,Q3,480744995.0
F0275,private_fund,Q3,1233877685.0
F0276,wealth_ria,Q1,129000000.0
F0277,private_fund,Q3,944974583.0
F0278,private_fund,Q2,262072899.0
F0279,private_fund,Q1,168792197.0
F0280,wealth_ria,Q3,1000803506.0
F0281,wealth_ria,Q3,404164092.0
F0282,wealth_ria,Q2,227067342.0
F0283,private_fund,Q2,213161097.0
F0284,private_fund,Q1,143667814.0
F0285,private_fund,Q1,169247322.0
F0286,wealth_ria,Q4,11545251683.0
F0287,private_fund,Q2,202172125.0
F0288,wealth_ria,Q3,516613791.0
F0289,private_fund,Q1,61153215.0
F0290,private_fund,Q2,335675311.0
F0291,wealth_ria,Q3,779493598.0
F0292,wealth_ria,Q3,740408167.0
F0293,wealth_ria,Q4,3931298951.0
F0294,wealth_ria,Q4,2324808200.0
F0295,wealth_ria,Q3,539888380.0
F0296,private_fund,Q1,125341727.0
F0297,private_fund,Q2,199687035.0
F0298,wealth_ria,Q1,101004116.0
F0299,private_fund,Q2,225495361.0
F0300,private_fund,Q1,126000000.0
F0301,wealth_ria,Q3,1315010728.0
F0302,wealth_ria,Q1,4048192.0
F0303,wealth_ria,Q2,197957070.0
F0304,wealth_ria,Q2,338531289.0
F0305,private_fund,Q2,379010763.0
F0306,private_fund,Q2,212494040.0
F0307,wealth_ria,Q3,1119041694.0
F0308,private_fund,Q3,572007880.0
F0309,private_fund,Q1,52830603.0
F0310,private_fund,Q1,77774937.0
F0311,wealth_ria,Q2,294685885.0
F0312,private_fund,Q1,141495854.0
F0313,private_fund,Q3,883438485.0
F0314,wealth_ria,Q3,441389232.0
F0315,wealth_ria,Q1,14705549.0
F0316,wealth_ria,Q1,100350000.0
F0317,private_fund,Q3,439032929.0
F0318,wealth_ria,Q2,227893224.0
F0319,private_fund,Q4,3141971930.0
F0320,wealth_ria,Q1,42791471.0
F0321,private_fund,Q3,1214902308.0
F0322,private_fund,Q2,279478877.0
F0323,wealth_ria,Q3,626488465.0
F0324,private_fund,Q1,18424025.0
F0325,private_fund,Q4,1432300000.0
F0326,private_fund,Q3,401353531.0
F0327,wealth_ria,Q3,470115035.0
F0328,wealth_ria,Q3,411712901.0
F0329,private_fund,Q1,170732755.0
F0330,private_fund,Q3,975462199.0
F0331,private_fund,Q4,2808083351.0
F0332,private_fund,Q1,100961631.0
F0333,wealth_ria,Q2,288801599.0
F0334,private_fund,Q4,1694781488.0
F0335,private_fund,Q2,214167441.0
F0336,private_fund,Q3,472002856.0
F0337,private_fund,Q3,1109618464.0
F0338,private_fund,Q1,128513129.0
F0339,private_fund,Q2,278763827.0
F0340,private_fund,Q2,176174588.0
F0341,private_fund,Q4,1725931743.0
F0342,private_fund,Q2,215904857.0
F0343,private_fund,Q3,437819838.0
F0344,private_fund,Q1,113762393.0
F0345,private_fund,Q1,157408973.0
F0346,private_fund,Q3,415892682.0
F0347,private_fund,Q3,850246644.0
F0348,wealth_ria,Q2,352910837.0
F0349,wealth_ria,Q4,1449845404.0
F0350,wealth_ria,Q1,105438390.0
F0351,wealth_ria,Q1,151897000.0
F0352,wealth_ria,Q2,313196458.0
F0353,wealth_ria,Q1,111606776.0
F0354,private_fund,Q1,86297050.0
F0355,private_fund,Q3,423660103.0
F0356,wealth_ria,Q2,192702234.0
F0357,private_fund,Q4,1632226548.0
F0358,private_fund,Q1,130000000.0
F0359,private_fund,Q2,267352407.0
F0360,private_fund,Q3,683049372.0
F0361,private_fund,Q2,344241480.0
F0362,private_fund,Q1,138306257.0
F0363,private_fund,Q3,584987740.0
F0364,private_fund,Q4,4414053804.0
F0365,wealth_ria,Q2,250960505.0
F0366,wealth_ria,Q4,45754506390.0
F0367,private_fund,Q2,202300000.0
F0368,private_fund,Q1,51000000.0
F0369,wealth_ria,Q2,196580012.0
F0370,private_fund,Q1,118049467.0
F0371,private_fund,Q3,526231937.0
F0372,wealth_ria,Q3,1403127624.0
F0373,private_fund,Q2,219162801.0
F0374,wealth_ria,Q1,129894382.0
F0375,private_fund,Q1,105400000.0
F0376,private_fund,Q2,339560766.0
F0377,wealth_ria,Q2,262675639.0
F0378,private_fund,Q1,162600000.0
F0379,wealth_ria,Q4,2116540646.0
F0380,private_fund,Q2,183378521.0
F0381,private_fund,Q1,36272478.0
F0382,wealth_ria,Q1,124700000.0
F0383,private_fund,Q2,311737441.0
F0384,private_fund,Q3,916385116.0
F0385,private_fund,Q1,105869016.0
F0386,wealth_ria,Q2,299131543.0
F0387,wealth_ria,Q3,949203625.0
F0388,wealth_ria,Q1,125618942.0
F0389,wealth_ria,Q3,400961536.0
F0390,wealth_ria,Q2,312733630.0
F0391,wealth_ria,Q1,115179001.0
F0392,wealth_ria,Q2,180852000.0
F0393,wealth_ria,Q1,0.0
F0394,wealth_ria,Q3,423188815.0
F0395,wealth_ria,Q1,0.0
F0396,private_fund,Q4,1553774222.0
F0397,private_fund,Q1,0.0
F0398,wealth_ria,Q1,2660000.0
F0399,wealth_ria,Q4,1647292121.0
F0400,private_fund,Q2,354342598.0
